Date,Date,Memory Utilization,CPU Utilization,Disk Utilization
2023-02-24 14:30:00,2023-02-24 14:30:00,,,
2023-02-25 14:30:00,2023-02-25 14:30:00,,,
2023-02-26 14:30:00,2023-02-26 14:30:00,,,
2023-02-27 14:30:00,2023-02-27 14:30:00,,,
2023-02-28 14:30:00,2023-02-28 14:30:00,,,
2023-03-01 14:30:00,2023-03-01 14:30:00,,,
2023-03-02 14:30:00,2023-03-02 14:30:00,,,
2023-03-03 14:30:00,2023-03-03 14:30:00,,,
2023-03-04 14:30:00,2023-03-04 14:30:00,,,
2023-03-05 14:30:00,2023-03-05 14:30:00,,,
2023-03-06 14:30:00,2023-03-06 14:30:00,,,
2023-03-07 14:30:00,2023-03-07 14:30:00,,,
2023-03-08 14:30:00,2023-03-08 14:30:00,,,
2023-03-09 14:30:00,2023-03-09 14:30:00,,,
2023-03-10 14:30:00,2023-03-10 14:30:00,,,
2023-03-11 14:30:00,2023-03-11 14:30:00,,,
2023-03-12 14:30:00,2023-03-12 14:30:00,,,
2023-03-13 14:30:00,2023-03-13 14:30:00,,,
2023-03-14 14:30:00,2023-03-14 14:30:00,,,
2023-03-15 14:30:00,2023-03-15 14:30:00,,,
2023-03-16 14:30:00,2023-03-16 14:30:00,,,
2023-03-17 14:30:00,2023-03-17 14:30:00,,,
2023-03-18 14:30:00,2023-03-18 14:30:00,,,
2023-03-19 14:30:00,2023-03-19 14:30:00,,,
2023-03-20 14:30:00,2023-03-20 14:30:00,,,
2023-03-21 14:30:00,2023-03-21 14:30:00,,,
2023-03-22 14:30:00,2023-03-22 14:30:00,,,
2023-03-23 14:30:00,2023-03-23 14:30:00,,,
2023-03-24 14:30:00,2023-03-24 14:30:00,,,
2023-03-25 14:30:00,2023-03-25 14:30:00,,,
